Modelo,Prejuizo,Lucro
decision_tree_completo,107222.6617859527,-100074.48433355585
naive_bayes_completo,62246.93401350524,30679.372867653765
neural_network_completo,92926.306881159,-71481.77452396846
decision_tree_ajustado,76582.07473100781,-33693.01001662674
naive_bayes_ajustado,48452.851966873706,65917.98727147584
neural_network_ajustado,55639.815231979424,15841.95929198905
